LANGUAGEID,WORKSPACE,FIXTURE,STRATEGY,FILEPATH,REVISION,MULTILINE,COMPLETION_INTENT,AUTOCOMPLETE_KIND,RANGE_START_LINE,RANGE_START_CHARACTER,RANGE_END_LINE,RANGE_END_CHARACTER,RESULT_TIMEOUT,RESULT_ERROR,RESULT_EMPTY,RESULT_EXACT,RESULT_TYPECHECKS,RESULT_PARSES,RESULT_TEXT,RESULT_CHAR_COUNT,RESULT_NON_INSERT_PATCH,EDIT_DIFF,CHAT_REPLY,CHAT_QUESTION,QUESTION_CLASS,FIX_AFTER_DIAGNOSTIC,FIX_BEFORE_DIAGNOSTIC,LLM_JUDGE_SCORE,LLM_JUDGE_REASONING,CONCISENESS_SCORE,HEDGES,PROVIDER_IDENTIFIER,PROVIDER_MODEL,STOP_REASON,CONTEXT_BFG_RETRIEVED_COUNT,CONTEXT_BFG_SUGGESTED_COUNT,CONTEXT_BFG_DURATION_MS,EVENT
yaml,chat,gpt-4o,chat,question_001/question.yaml,dd6db98bccc1fd6bf620b63d9b2dacd7a6768db7,,,,0,0,0,0,,,,,,,,,,,"Certainly! Here's a high-level overview and implementation of a `Dog` class that adheres to the `Animal` interface:

1. **Define the `Dog` class**: The class will implement the `Animal` interface.
2. **Add properties**: Include properties for `name` and `age`.
3. **Constructor**: Initialize the properties through the constructor.
4. **Methods**: Add any additional methods that are relevant for a dog, such as `bark`.

Here's a sample implementation:

```typescript
interface Animal {
    name: string;
    age: number;
}

class Dog implements Animal {
    name: string;
    age: number;

    constructor(name: string, age: number) {
        this.name = name;
        this.age = age;
    }

    bark(): void {
        console.log(`${this.name} says: Woof!`);
    }
}

// Example usage:
const myDog = new Dog('Buddy', 3);
myDog.bark(); // Output: Buddy says: Woof!
```

This `Dog` class implements the `Animal` interface, ensuring that it has `name` and `age` properties. The `bark` method provides additional functionality specific to dogs. You can expand this class with more methods and properties as needed.",implement a dog class,generate code,,,1,,1,false,,,,,,,
yaml,chat,gpt-4o,chat,question_002/question.yaml,dd6db98bccc1fd6bf620b63d9b2dacd7a6768db7,,,,0,0,0,0,,,,,,,,,,,"Squirrel is a code intelligence API defined by the `Squirrel` interface in your codebase. It provides a method `symbolInformation` that takes a file path as an argument and returns an object of type `CodeIntelligence`. This object contains an array of symbols, which likely represent various code elements (like functions, classes, variables, etc.) found within the specified file. This API can be used to gather and analyze code symbols for various purposes such as code navigation, refactoring, or documentation generation.",what is squirrel?,codebase onboarding,,,1,,0,false,,,,,,,
yaml,chat,gpt-4o,chat,question_003/question.yaml,dd6db98bccc1fd6bf620b63d9b2dacd7a6768db7,,,,0,0,0,0,,,,,,,,,,,"I have access to the codebase context provided in the file `mocked/codebase_context/README.md`. This file contains information about Zoekt, a fast text search engine for source code, including instructions on downloading, indexing, searching, installation, and service management. It also includes details about the Sourcegraph fork of Zoekt and its differences from the original Google version. If you need help with any specific part of this codebase or have any questions, feel free to ask!",What code do you have access to?,cody usage,,,1,,1,false,,,,,,,
yaml,chat,gpt-4o,chat,question_004/question.yaml,dd6db98bccc1fd6bf620b63d9b2dacd7a6768db7,,,,0,0,0,0,,,,,,,,,,,"In Go, slices are a flexible and powerful way to work with sequences of elements. They are more versatile than arrays and are used extensively in Go programming. Here's a high-level overview of how slices work:

### Basics of Slices

1. **Definition**: A slice is a descriptor for a contiguous segment of an underlying array and provides much of the functionality and efficiency of arrays. Unlike arrays, slices are dynamically-sized.

2. **Declaration**:
   ```go
   var s []int // Declares a slice of integers
   ```

3. **Initialization**:
   ```go
   s := []int{1, 2, 3, 4, 5} // Initializes a slice with values
   ```

4. **Creating Slices from Arrays**:
   ```go
   arr := [5]int{1, 2, 3, 4, 5}
   s := arr[1:4] // Creates a slice [2, 3, 4] from the array
   ```

### Key Properties

- **Length and Capacity**:
  - `len(s)` returns the number of elements in the slice.
  - `cap(s)` returns the capacity of the slice, which is the number of elements in the underlying array, starting from the first element in the slice.

  ```go
  s := []int{1, 2, 3, 4, 5}
  fmt.Println(len(s)) // Output: 5
  fmt.Println(cap(s)) // Output: 5
  ```

### Modifying Slices

- **Appending Elements**:
  ```go
  s := []int{1, 2, 3}
  s = append(s, 4, 5) // s now contains [1, 2, 3, 4, 5]
  ```

- **Copying Slices**:
  ```go
  src := []int{1, 2, 3}
  dst := make([]int, len(src))
  copy(dst, src) // Copies elements from src to dst
  ```

### Slices of Slices

- Slices can contain other slices, allowing for multi-dimensional data structures.
  ```go
  matrix := [][]int{
      {1, 2, 3},
      {4, 5, 6},
      {7, 8, 9},
  }
  ```

### Common Operations

- **Iterating Over Slices**:
  ```go
  s := []int{1, 2, 3, 4, 5}
  for i, v := range s {
      fmt.Println(i, v)
  }
  ```

- **Slicing Slices**:
  ```go
  s := []int{1, 2, 3, 4, 5}
  sub := s[1:4] // sub is [2, 3, 4]
  ```

### Example

Here's a simple example demonstrating various slice operations:

```go
package main

import ""fmt""

func main() {
    // Create and initialize a slice
    s := []int{1, 2, 3, 4, 5}
    fmt.Println(""Original slice:"", s)

    // Append elements
    s = append(s, 6, 7)
    fmt.Println(""After appending:"", s)

    // Create a sub-slice
    sub := s[2:5]
    fmt.Println(""Sub-slice:"", sub)

    // Copy the slice
    copied := make([]int, len(s))
    copy(copied, s)
    fmt.Println(""Copied slice:"", copied)

    // Iterate over the slice
    for i, v := range s {
        fmt.Printf(""Index %d: %d\n"", i, v)
    }
}
```

This should give you a good understanding of how slices work in Go and how to use them effectively.",how do slices work in go?,general coding,,,1,,1,false,,,,,,,
yaml,chat,gpt-4o,chat,question_005/question.yaml,dd6db98bccc1fd6bf620b63d9b2dacd7a6768db7,,,,0,0,0,0,,,,,,,,,,,"The regex `/n/a|e|i|o|u/` is designed to match any of the following characters: `a`, `e`, `i`, `o`, or `u`. Here's a high-level overview of its components:

- `n/` and `/n`: These are not part of the regex pattern itself. They appear to be delimiters, possibly indicating the start and end of the regex in a specific context or language.
- `a|e|i|o|u`: This is the actual regex pattern. The `|` operator is used to specify alternatives, so this pattern matches any single character that is either `a`, `e`, `i`, `o`, or `u`.

In summary, the regex is used to match any of the vowels `a`, `e`, `i`, `o`, or `u`.",what does this regex do? \n/a|e|i|o|u/\n,general coding,,,1,,1,false,,,,,,,
yaml,chat,gpt-4o,chat,question_006/question.yaml,dd6db98bccc1fd6bf620b63d9b2dacd7a6768db7,,,,0,0,0,0,,,,,,,,,,,"To style a checkbox using light purple, you can use CSS to customize its appearance. Here's a high-level overview and some guidance on how to achieve this:

1. **Hide the default checkbox**: Use CSS to hide the default checkbox appearance.
2. **Create a custom checkbox**: Use a `span` or `div` to create a custom checkbox.
3. **Style the custom checkbox**: Apply the light purple color and other styles to the custom checkbox.

Here's an example of how you can do this:

```html
<!DOCTYPE html>
<html lang=""en"">
<head>
    <meta charset=""UTF-8"">
    <meta name=""viewport"" content=""width=device-width, initial-scale=1.0"">
    <title>Custom Checkbox</title>
    <style>
        /* Hide the default checkbox */
        input[type=""checkbox""] {
            display: none;
        }

        /* Create a custom checkbox */
        .custom-checkbox {
            display: inline-block;
            width: 20px;
            height: 20px;
            background-color: #e0b3ff; /* Light purple color */
            border: 2px solid #d1a3ff; /* Slightly darker purple for border */
            border-radius: 4px;
            position: relative;
            cursor: pointer;
        }

        /* Style the checkmark */
        .custom-checkbox::after {
            content: '';
            position: absolute;
            top: 50%;
            left: 50%;
            width: 10px;
            height: 10px;
            background-color: #ffffff; /* White checkmark */
            transform: translate(-50%, -50%) scale(0);
            transition: transform 0.2s ease;
        }

        /* Show the checkmark when the checkbox is checked */
        input[type=""checkbox""]:checked + .custom-checkbox::after {
            transform: translate(-50%, -50%) scale(1);
        }
    </style>
</head>
<body>
    <label>
        <input type=""checkbox"">
        <span class=""custom-checkbox""></span>
        Check me!
    </label>
</body>
</html>
```

### Explanation:
1. **Hide the default checkbox**: The `display: none;` rule hides the default checkbox.
2. **Create a custom checkbox**: The `.custom-checkbox` class styles a `span` element to look like a checkbox with a light purple background and border.
3. **Style the checkmark**: The `::after` pseudo-element is used to create the checkmark. It is initially hidden using `transform: scale(0);` and shown when the checkbox is checked using `transform: scale(1);`.

This approach allows you to create a visually appealing custom checkbox with a light purple color.",style css checkbox using light purple,general coding,,,1,,1,false,,,,,,,
yaml,chat,gpt-4o,chat,question_007/question.yaml,dd6db98bccc1fd6bf620b63d9b2dacd7a6768db7,,,,0,0,0,0,,,,,,,,,,,"Upgrading your Python version can be done in several ways depending on your operating system. Here's a high-level overview and guidance for upgrading Python on different platforms:

### Windows

1. **Download the Installer:**
   - Go to the [official Python website](https://www.python.org/downloads/).
   - Download the latest Python installer for Windows.

2. **Run the Installer:**
   - Run the downloaded installer.
   - Make sure to check the box that says ""Add Python to PATH"".
   - Select ""Upgrade Now"" to upgrade your existing Python installation.

### macOS

1. **Using Homebrew:**
   - Open Terminal.
   - Update Homebrew:
     ```sh
     brew update
     ```
   - Upgrade Python:
     ```sh
     brew upgrade python
     ```

2. **Download the Installer:**
   - Alternatively, you can download the latest Python installer from the [official Python website](https://www.python.org/downloads/).
   - Run the installer and follow the on-screen instructions.

### Linux

1. **Using Package Manager:**
   - Open Terminal.
   - For Debian-based systems (like Ubuntu):
     ```sh
     sudo apt update
     sudo apt install python3
     ```
   - For Red Hat-based systems (like Fedora):
     ```sh
     sudo dnf install python3
     ```

2. **Using `pyenv`:**
   - Install `pyenv` if you haven't already:
     ```sh
     curl https://pyenv.run | bash
     ```
   - Add `pyenv` to your shell:
     ```sh
     export PATH=""$HOME/.pyenv/bin:$PATH""
     eval ""$(pyenv init --path)""
     eval ""$(pyenv init -)""
     eval ""$(pyenv virtualenv-init -)""
     ```
   - Install the desired Python version:
     ```sh
     pyenv install <version>
     ```
   - Set the newly installed version as the global default:
     ```sh
     pyenv global <version>
     ```

### Verification

After upgrading, verify the installation by checking the Python version:

```sh
python --version
```

or

```sh
python3 --version
```

This should display the upgraded Python version.",how to upgrade my python version?,general coding,,,1,,1,false,,,,,,,
yaml,chat,gpt-4o,chat,question_008/question.yaml,dd6db98bccc1fd6bf620b63d9b2dacd7a6768db7,,,,0,0,0,0,,,,,,,,,,,"This repository appears to be related to search functionality, specifically for handling and processing search results. Here's a high-level overview of its purpose and functionality:

1. **File and Match Handling**: The code includes functions to sort and truncate search results, specifically file matches. This is useful for managing large sets of search results by limiting the number of files and matches displayed.

2. **Display Truncation**: The `DisplayTruncator` function enforces limits on the number of documents and matches displayed. This ensures that the search results are concise and manageable.

3. **Match Limiting**: The repository includes logic to limit both chunk matches and line matches within files. This is done to ensure that the search results do not exceed specified limits, making them more user-friendly.

4. **Search Options**: The code references `SearchOptions`, which likely include various parameters and limits for customizing the search behavior.

Overall, this repository is designed to efficiently handle and display search results, ensuring that they are sorted, truncated, and limited according to specified options. This is particularly useful in scenarios where search results can be extensive and need to be presented in a user-friendly manner.",What does this repo do??,codebase onboarding,,,1,,0,false,,,,,,,
yaml,chat,gpt-4o,chat,question_009/question.yaml,dd6db98bccc1fd6bf620b63d9b2dacd7a6768db7,,,,0,0,0,0,,,,,,,,,,,"Your codebase appears to be a sophisticated search engine designed for source code, named Zoekt. Here’s a high-level overview:

### Purpose
Zoekt is a fast text search engine optimized for searching through source code. It supports indexing and searching across various repositories and provides both a web interface and a JSON API for querying.

### Key Components

1. **Indexing**:
   - **Directory Indexing**: Indexes files in a directory.
   - **Git Repository Indexing**: Indexes branches of a Git repository.
   - **Repo Repositories Indexing**: Indexes repositories mirrored from a source like Gitiles.

2. **Searching**:
   - **Web Interface**: A web server that provides a user-friendly interface for searching.
   - **JSON API**: Allows programmatic access to search results via HTTP GET requests.
   - **CLI**: Command-line interface for performing searches directly from the terminal.

3. **Search Service**:
   - Manages the mirroring and indexing of repositories.
   - Handles fetching new data and cleaning up log files.

4. **Symbol Search**:
   - Integration with Universal Ctags to improve search ranking and support for symbol regex queries.

### Code Structure

1. **eval.go**:
   - Contains the core logic for evaluating and simplifying search queries.
   - Implements the main search function that processes queries, matches documents, and gathers results.

2. **limit.go**:
   - Provides functionality to sort and truncate search results based on specified limits.
   - Implements mechanisms to enforce document and match display limits.

3. **external-services.ts**:
   - Appears to be part of a VSCode extension or integration, possibly for interacting with external services.

### Fork Details
This version of Zoekt is a fork maintained by Sourcegraph, with several enhancements over the original Google version, including:
- Sourcegraph-specific indexing commands.
- API exposure via a custom RPC framework.
- Improved query primitives and support for symbol data in search results.

### Usage
- **Installation**: Instructions for installing the necessary binaries using `go get` and `go install`.
- **Configuration**: Examples of systemd unit files for running the web server as a service.
- **Execution**: Commands for indexing directories, Git repositories, and mirrored repositories, as well as starting the web server and search service.

### Acknowledgements
The project credits Han-Wen Nienhuys for creating Zoekt and acknowledges contributions from others in developing and maintaining the tool.

This overview should give you a good understanding of the structure and functionality of your codebase. If you need more detailed guidance on specific parts, feel free to ask!",describe my code,codebase onboarding,,,1,,1,false,,,,,,,
yaml,chat,gpt-4o,chat,question_010/question.yaml,dd6db98bccc1fd6bf620b63d9b2dacd7a6768db7,,,,0,0,0,0,,,,,,,,,,,"Certainly! Based on the provided context, your codebase appears to be a mix of TypeScript and Go, with a focus on code intelligence, rate limiting, and concurrency management. Here's a high-level overview:

### TypeScript Code
1. **Code Intelligence API (`squirrel.ts`)**:
   - Defines interfaces for code intelligence, specifically focusing on symbol information within files.
   - `CodeIntelligence` interface holds an array of symbols.
   - `Squirrel` interface provides a method `symbolInformation` to retrieve code intelligence for a given file.

2. **Animal Interface (`animal.ts`)**:
   - Defines a simple interface for an `Animal` with properties `name` and `age`.

### Go Code
1. **Agent Package (`agent.go`)**:
   - Contains a placeholder for an `Agent` type, which might be expanded with more functionality.

2. **Actor Package (`limit.go`)**:
   - Implements rate limiting and concurrency control mechanisms.
   - Defines a `RateLimit` struct to manage allowed models, limits, and intervals.
   - Provides methods to evaluate allowed models and validate rate limits.
   - Implements concurrency limiting with a `concurrencyLimiter` struct, handling rate limit acquisition and usage tracking.
   - Defines error handling for concurrency limit exceedance with `ErrConcurrencyLimitExceeded`.

### Documentation (`README.md`)
- Describes the `@sourcegraph/cody-agent` package, which implements a JSON-RPC server for interacting with Cody via stdout/stdin, intended for use by non-ECMAScript clients like JetBrains and NeoVim plugins.

### Summary
Your codebase is structured to handle code intelligence features, rate limiting, and concurrency management, with clear interfaces and structs to manage these functionalities. The documentation provides a concise description of the `cody-agent` package's purpose and usage.

If you have any specific questions or need further details on any part of the codebase, feel free to ask!",\@zoekt describe my code.,codebase onboarding,,,0,,1,false,,,,,,,
yaml,chat,gpt-4o,chat,question_011/question.yaml,dd6db98bccc1fd6bf620b63d9b2dacd7a6768db7,,,,0,0,0,0,,,,,,,,,,,"A `DirectoryWatcher` monitors a specified directory for changes to files with a `.zoekt` extension. It detects new, modified, or deleted files and updates its internal state accordingly. Here's a high-level overview of its functionality:

1. **Initialization**: The `DirectoryWatcher` is initialized with a directory path and a `shardLoader` interface, which defines methods for loading and dropping files.

2. **Scanning**: It periodically scans the directory to identify `.zoekt` files and their metadata. It keeps track of the modification times of these files to detect changes.

3. **Loading and Dropping**: Based on the scan results, it determines which files are new or modified and need to be loaded, and which files have been deleted and need to be dropped. It then calls the appropriate methods on the `shardLoader`.

4. **Watching**: It uses the `fsnotify` package to watch the directory for file system events (like creation, modification, or deletion of files). When an event is detected, it triggers a scan to update its state.

5. **Concurrency**: The `DirectoryWatcher` runs its scanning and watching logic in separate goroutines, ensuring that it can handle file system events asynchronously.

6. **Stopping**: It provides a method to stop the watcher gracefully, ensuring that all resources are cleaned up properly.

This mechanism is useful for applications that need to dynamically respond to changes in a directory, such as a search engine that indexes files in real-time.",What does directory watcher do?,code search,,,1,,1,false,,,,,,,
yaml,chat,gpt-4o,chat,question_012/question.yaml,dd6db98bccc1fd6bf620b63d9b2dacd7a6768db7,,,,0,0,0,0,,,,,,,,,,,"Based on the provided snippets, your codebase appears to be well-structured and organized. Here are some high-level observations:

1. **TypeScript Interfaces**: 
   - The `squirrel.ts` file defines clear interfaces (`CodeIntelligence` and `Squirrel`) with well-documented methods.
   - The `animal.ts` file defines a simple `Animal` interface, which is straightforward and clean.

2. **Go Code**:
   - The `agent.go` file defines an `Agent` struct, though the snippet is minimal.
   - The `limit.go` file contains detailed functions for sorting and truncating file matches, with comprehensive comments explaining the logic and purpose of each function.

3. **Documentation**:
   - The `README.md` file provides thorough instructions on downloading, indexing, searching, and installing Zoekt. It also includes acknowledgments and details about the fork, which is helpful for users and contributors.

### High-Level Guidance:

1. **Consistency**: Ensure that the coding style is consistent across all files. This includes naming conventions, indentation, and comment styles.

2. **Documentation**: Maintain comprehensive documentation for all major components and functions. This helps new developers understand the codebase quickly.

3. **Testing**: Implement unit tests and integration tests to ensure the reliability and stability of your codebase. Regularly run these tests to catch any regressions.

4. **Code Reviews**: Conduct regular code reviews to maintain code quality and share knowledge among team members.

5. **Refactoring**: Periodically review and refactor the code to improve readability, performance, and maintainability.

Overall, your codebase looks clean and well-documented. Keep up the good work and continue following best practices to maintain its quality.",Is my codebase clean?,codebase onboarding,,,1,,0,false,,,,,,,
yaml,chat,gpt-4o,chat,question_013/question.yaml,dd6db98bccc1fd6bf620b63d9b2dacd7a6768db7,,,,0,0,0,0,,,,,,,,,,,"To test the gRPC chunker, you would typically create unit tests in a Go test file, such as `chunker_test.go`. In these tests, you would set up a gRPC server and client, and then simulate various scenarios to ensure the chunker behaves as expected.

Here's a high-level overview of how you might structure your tests:

1. **Set Up the Test Server**: Implement a mock or test server that includes the gRPC service you want to test. This server would use the `UnimplementedTestServiceServer` as a base.

2. **Create Test Cases**: Define various test cases to cover different scenarios, such as normal operation, edge cases, and error handling.

3. **Simulate Client Requests**: Use a gRPC client to send requests to the test server, and verify the responses to ensure they match expected outcomes.

4. **Assertions**: Use assertions to check that the chunker processes data correctly, handles errors gracefully, and meets performance requirements.

Here's a simplified example to illustrate the structure:

```go
package chunker_test

import (
	""context""
	""testing""

	""google.golang.org/grpc""
	""google.golang.org/grpc/test/bufconn""
	""github.com/your_project/grpc_testing""
)

const bufSize = 1024 * 1024

var lis *bufconn.Listener

func init() {
	lis = bufconn.Listen(bufSize)
	s := grpc.NewServer()
	grpc_testing.RegisterTestServiceServer(s, &server{})
	go func() {
		if err := s.Serve(lis); err != nil {
			panic(err)
		}
	}()
}

func bufDialer(context.Context, string) (net.Conn, error) {
	return lis.Dial()
}

func TestChunker(t *testing.T) {
	ctx := context.Background()
	conn, err := grpc.DialContext(ctx, ""bufnet"", grpc.WithContextDialer(bufDialer), grpc.WithInsecure())
	if err != nil {
		t.Fatalf(""Failed to dial bufnet: %v"", err)
	}
	defer conn.Close()
	client := grpc_testing.NewTestServiceClient(conn)

	// Define your test cases here
	tests := []struct {
		name    string
		request *grpc_testing.YourRequestType
		want    *grpc_testing.YourResponseType
	}{
		{
			name:    ""Test Case 1"",
			request: &grpc_testing.YourRequestType{/* fields */},
			want:    &grpc_testing.YourResponseType{/* expected fields */},
		},
		// Add more test cases as needed
	}

	for _, tt := range tests {
		t.Run(tt.name, func(t *testing.T) {
			resp, err := client.YourMethod(ctx, tt.request)
			if err != nil {
				t.Fatalf(""YourMethod failed: %v"", err)
			}
			if !reflect.DeepEqual(resp, tt.want) {
				t.Errorf(""got %v, want %v"", resp, tt.want)
			}
		})
	}
}
```

This example sets up a gRPC server and client using an in-memory buffer for communication, defines test cases, and runs them to verify the chunker's behavior. Adjust the types and methods to match your specific implementation.",where do we test the grpc chunker,code search,,,1,,1,false,,,,,,,
yaml,chat,gpt-4o,chat,question_014/question.yaml,dd6db98bccc1fd6bf620b63d9b2dacd7a6768db7,,,,0,0,0,0,,,,,,,,,,,"Yes, I can help guide you through upgrading your PyTorch version to 1.0.0. Here’s a high-level overview of the steps you need to follow:

1. **Check Current Version**: First, check your current PyTorch version to confirm the upgrade is necessary.
   ```python
   import torch
   print(torch.__version__)
   ```

2. **Uninstall Current Version**: Uninstall the current version of PyTorch.
   ```bash
   pip uninstall torch
   ```

3. **Install PyTorch 1.0.0**: Install the desired version of PyTorch. You can find the specific installation command for your environment (OS, CUDA version, etc.) on the [PyTorch website](https://pytorch.org/get-started/previous-versions/). For example, for a basic CPU-only installation, you can use:
   ```bash
   pip install torch==1.0.0 torchvision==0.2.1
   ```

4. **Verify Installation**: Verify that the installation was successful and that the correct version is installed.
   ```python
   import torch
   print(torch.__version__)
   ```

5. **Update Dependencies**: Ensure that any dependencies or related libraries are compatible with PyTorch 1.0.0. This might involve updating or reinstalling libraries such as `torchvision`.

6. **Test Your Code**: Run your existing code to ensure that everything works as expected with the new version. Pay attention to any deprecation warnings or errors that might arise due to changes in the API.

By following these steps, you should be able to upgrade your PyTorch version to 1.0.0 smoothly. If you encounter any specific issues or need further assistance, feel free to ask!","Are you capable of upgrading my pytorch version to 1.0.0, there is a guide in the pytorch site",cody usage,,,1,,1,false,,,,,,,
yaml,chat,gpt-4o,chat,question_015/question.yaml,dd6db98bccc1fd6bf620b63d9b2dacd7a6768db7,,,,0,0,0,0,,,,,,,,,,,"Certainly! Based on the provided context, here are some high-level steps to identify conflicting packages in your Go codebase:

1. **Check for Duplicate Imports**: Ensure that no two packages with the same name are imported from different paths. This can cause conflicts.

2. **Review Dependencies**: Use tools like `go mod tidy` and `go mod vendor` to clean up and verify your module dependencies. This helps in identifying any conflicting versions of the same package.

3. **Examine Package Versions**: If you are using `go.mod`, ensure that the versions of the packages you are importing are compatible with each other. You can use `go list -m all` to list all the modules and their versions.

4. **Look for Aliased Imports**: Sometimes, packages are imported with aliases to avoid conflicts. Ensure that these aliases are used consistently throughout the codebase.

5. **Check for Circular Dependencies**: Circular dependencies between packages can cause conflicts and unexpected behavior. Use tools like `go mod graph` to visualize and identify circular dependencies.

6. **Static Analysis Tools**: Use static analysis tools like `golangci-lint` to run a comprehensive check on your codebase. These tools can help identify potential conflicts and other issues.

7. **Manual Inspection**: Sometimes, a manual inspection of the import statements in your Go files can reveal conflicts. Look for any unusual or redundant imports.

By following these steps, you should be able to identify and resolve any conflicting packages in your Go codebase. If you need more specific guidance or run into any issues, feel free to provide additional details!",Can you look through the files and identify the conflicting packages that may be causing this?,debug code,,,1,,1,false,,,,,,,
yaml,chat,gpt-4o,chat,question_016/question.yaml,dd6db98bccc1fd6bf620b63d9b2dacd7a6768db7,,,,0,0,0,0,,,,,,,,,,,"Certainly! Let's take a high-level look at the `limit.go` file and understand its purpose and functionality.

### Overview

The `limit.go` file appears to be part of a search engine, specifically dealing with the sorting and truncation of search results based on certain display limits. The main components of this file include:

1. **SortAndTruncateFiles Function**: This function sorts and truncates a list of file matches based on the provided search options.
2. **DisplayTruncator Type**: A function type that enforces document and match display limits by truncating and mutating the list of file matches.
3. **NewDisplayTruncator Function**: This function creates a new `DisplayTruncator` based on the provided search options.
4. **limitMatches Function**: Limits the number of matches in a list of file matches, either by chunk matches or line matches.
5. **limitChunkMatches Function**: Specifically limits the number of chunk matches within a file match.
6. **limitLineMatches Function**: Specifically limits the number of line matches within a file match.

### Key Functions and Types

1. **SortAndTruncateFiles**
   - **Purpose**: Sorts and truncates the list of file matches.
   - **Usage**: Called with a list of `FileMatch` objects and `SearchOptions`.

2. **DisplayTruncator**
   - **Purpose**: A function type that enforces display limits on documents and matches.
   - **Usage**: Created by `NewDisplayTruncator` and used to truncate file matches.

3. **NewDisplayTruncator**
   - **Purpose**: Creates a `DisplayTruncator` based on the provided search options.
   - **Usage**: Returns a truncator function and a boolean indicating if limits are enforced.

4. **limitMatches**
   - **Purpose**: Limits the number of matches in file matches.
   - **Usage**: Called within `NewDisplayTruncator` to apply match limits.

5. **limitChunkMatches**
   - **Purpose**: Limits the number of chunk matches in a file match.
   - **Usage**: Used by `limitMatches` when chunk matches are enabled.

6. **limitLineMatches**
   - **Purpose**: Limits the number of line matches in a file match.
   - **Usage**: Used by `limitMatches` when chunk matches are not enabled.

### Example Usage

Here's a high-level example of how these components might be used together:

```go
files := []FileMatch{ /* some file matches */ }
opts := &SearchOptions{
    MaxDocDisplayCount:  10,
    MaxMatchDisplayCount: 5,
    ChunkMatches:        true,
}

sortedAndTruncatedFiles := SortAndTruncateFiles(files, opts)
```

In this example:
- `SortAndTruncateFiles` is called with a list of file matches and search options.
- The function sorts the files and then truncates them based on the provided limits.

### Conclusion

The `limit.go` file provides essential functionality for sorting and truncating search results based on configurable limits. This ensures that the search engine can handle large result sets efficiently and present them in a user-friendly manner.",Mind taking a second look at the file? @limit.go,explain code,,,1,,1,false,,,,,,,
yaml,chat,gpt-4o,chat,question_017/question.yaml,dd6db98bccc1fd6bf620b63d9b2dacd7a6768db7,,,,0,0,0,0,,,,,,,,,,,"The MIT license is a popular open-source license that offers several benefits, making it a suitable choice for many projects, including this one. Here are some reasons why this project might use the MIT license:

1. **Simplicity and Clarity**: The MIT license is straightforward and easy to understand. It grants permission to use, copy, modify, merge, publish, distribute, sublicense, and sell copies of the software, provided that the original license and copyright notice are included in all copies or substantial portions of the software.

2. **Permissive Nature**: The MIT license is permissive, meaning it imposes minimal restrictions on reuse. This encourages widespread use and contribution to the project, fostering a larger community and ecosystem.

3. **Compatibility**: The MIT license is compatible with many other licenses, including proprietary licenses. This allows for greater flexibility in how the software can be used and integrated with other projects.

4. **Encourages Contribution**: By using a permissive license, the project can attract more contributors who are comfortable with the idea that their contributions can be freely used and modified by others.

5. **Commercial Use**: The MIT license allows for commercial use of the software, which can be beneficial for companies looking to adopt and integrate the project into their products or services.

Overall, the MIT license helps to maximize the project's reach and impact by making it accessible and usable to a broad audience, including both individual developers and commercial entities.",Why does this project use the MIT license?,insufficient context,,,1,,0,false,,,,,,,
yaml,chat,gpt-4o,chat,question_018/question.yaml,dd6db98bccc1fd6bf620b63d9b2dacd7a6768db7,,,,0,0,0,0,,,,,,,,,,,"To find the location of the `tensor` function in the Zoekt repository, you can use the following high-level steps:

1. **Clone the Repository**: If you haven't already, clone the Zoekt repository to your local machine.
   ```sh
   git clone https://github.com/sourcegraph/zoekt.git
   cd zoekt
   ```

2. **Use `grep` to Search for the Function**: You can use the `grep` command to search for the definition of the `tensor` function across the codebase.
   ```sh
   grep -r ""func tensor"" .
   ```

3. **Use an IDE or Code Editor**: Open the repository in an IDE or code editor like VSCode, IntelliJ, or GoLand. Use the search functionality within the editor to look for the `tensor` function.

4. **Use Zoekt's Own Search Capabilities**: If you have Zoekt set up, you can use it to search within the repository. Start the Zoekt webserver and use the web interface to search for the `tensor` function.
   ```sh
   go install github.com/sourcegraph/zoekt/cmd/zoekt-webserver
   $GOPATH/bin/zoekt-webserver -listen :6070
   ```

5. **Use Sourcegraph**: If the repository is hosted on Sourcegraph, you can use Sourcegraph's search functionality to find the `tensor` function. Navigate to the repository on Sourcegraph and use the search bar to look for `func tensor`.

By following these steps, you should be able to locate the `tensor` function in the Zoekt repository efficiently.",See zoekt repo find location of tensor function,insufficient context,,,1,,1,false,,,,,,,
yaml,chat,gpt-4o,chat,question_019/question.yaml,dd6db98bccc1fd6bf620b63d9b2dacd7a6768db7,,,,0,0,0,0,,,,,,,,,,,"Sure! Let's break down the logic in `src/agent.go` and how agents interact with ranking.

### High-Level Overview

The `agent.go` file is likely responsible for managing agents that perform specific tasks within the system. These agents could be responsible for various operations such as indexing, searching, or maintaining the state of the system. The interaction with ranking typically involves prioritizing tasks or search results based on certain criteria.

### Key Components

1. **Agent Initialization**: 
   - Agents are initialized with specific configurations and parameters. This setup might include defining the scope of their tasks, the resources they can use, and any initial state they need to maintain.

2. **Task Execution**:
   - Agents perform tasks such as indexing documents, processing search queries, or updating the system state. Each agent might have a specific role, and they work concurrently to achieve the system's goals.

3. **Ranking Mechanism**:
   - The ranking mechanism is crucial for prioritizing tasks or search results. Agents might interact with a ranking system to determine the order in which tasks should be executed or how search results should be presented.
   - Ranking can be based on various factors such as relevance, freshness, or user-defined criteria. Agents might update the ranking scores based on their operations, ensuring that the most relevant results or tasks are prioritized.

4. **Communication and Coordination**:
   - Agents communicate with each other and with other system components to coordinate their actions. This communication ensures that tasks are not duplicated and that the system remains consistent.
   - Coordination might involve message passing, shared state, or a centralized coordinator that manages the agents.

5. **Error Handling and Recovery**:
   - Agents are designed to handle errors gracefully and recover from failures. This might involve retrying tasks, logging errors, or notifying other components of issues.
   - Robust error handling ensures that the system remains reliable and continues to function even when individual agents encounter problems.

### Example Flow

1. **Initialization**:
   - An agent is created and configured with its task parameters.
   - The agent registers itself with the system, indicating its availability.

2. **Task Assignment**:
   - The system assigns tasks to the agent based on current needs and priorities.
   - The agent retrieves the tasks and begins processing them.

3. **Ranking Interaction**:
   - As the agent processes tasks, it updates the ranking scores for search results or task priorities.
   - The ranking system adjusts the order of tasks or results based on the updated scores.

4. **Completion and Reporting**:
   - Once the agent completes its tasks, it reports the results back to the system.
   - The system updates its state and assigns new tasks to the agent if needed.

5. **Error Handling**:
   - If the agent encounters an error, it logs the issue and attempts to recover.
   - The system might reassign the task to another agent or take corrective action.

### Conclusion

The `src/agent.go` file likely encapsulates the logic for managing agents that perform various tasks within the system. These agents interact with a ranking mechanism to prioritize tasks or search results, ensuring that the system operates efficiently and effectively. By coordinating their actions and handling errors gracefully, agents contribute to the overall reliability and performance of the system.","Explain the logic in src/agent.go, particularly how agents interact with ranking",insufficient context,,,1,,0,false,,,,,,,
yaml,chat,gpt-4o,chat,question_020/question.yaml,dd6db98bccc1fd6bf620b63d9b2dacd7a6768db7,,,,0,0,0,0,,,,,,,,,,,"The `README.md` file provides an overview and instructions for using Zoekt, a fast text search engine designed for source code. Here's a high-level summary:

### Introduction
- **Quote:** The file starts with a humorous quote in Dutch and its English translation.
- **Description:** Zoekt is a fast text search engine for source code, originally created by Google and now maintained by Sourcegraph.

### Instructions

#### Downloading
- **Command:** `go get github.com/sourcegraph/zoekt/` to download the Zoekt repository.

#### Indexing
- **Directory:** Use `zoekt-index` to index a directory.
- **Git Repository:** Use `zoekt-git-index` to index a Git repository with specific branches.
- **Repo Repositories:** Use `zoekt-repo-index` and `zoekt-mirror-gitiles` for more complex repository setups.

#### Searching
- **Web Interface:** Use `zoekt-webserver` to start a web server for searching.
- **JSON API:** Perform searches via a JSON API using HTTP GET requests.
- **CLI:** Use the `zoekt` command-line interface for searching.

### Installation
- **Systemd:** Example of a systemd unit file for running the Zoekt web server on a Linux server.

### Search Service
- **Index Server:** Use `zoekt-indexserver` to manage and index repositories automatically.

### Symbol Search
- **Universal Ctags:** Recommended to install Universal Ctags for improved ranking.

### Acknowledgements
- **Credits:** Thanks to the original creators and contributors of Zoekt.

### Fork Details
- **Differences:** Lists specific changes and enhancements made in the Sourcegraph fork of Zoekt.

### Disclaimer
- **Note:** Clarifies that this is not an official Google product.

This README provides all the necessary commands and configurations to download, index, search, and manage repositories using Zoekt.",explain @README.md,explain code,,,1,,1,false,,,,,,,
yaml,chat,gpt-4o,chat,question_021/question.yaml,dd6db98bccc1fd6bf620b63d9b2dacd7a6768db7,,,,0,0,0,0,,,,,,,,,,,"Goroutines are a fundamental feature of the Go programming language, enabling concurrent execution of functions. They are lightweight, managed by the Go runtime, and allow you to efficiently handle multiple tasks simultaneously. Here's a basic overview of how goroutines work:

### Creating a Goroutine
To create a goroutine, you use the `go` keyword followed by a function call. For example:

```go
package main

import (
    ""fmt""
    ""time""
)

func sayHello() {
    fmt.Println(""Hello, World!"")
}

func main() {
    go sayHello() // This starts a new goroutine
    time.Sleep(1 * time.Second) // Sleep to allow the goroutine to complete
}
```

In this example, `sayHello` is executed in a new goroutine. The `main` function continues to execute concurrently. The `time.Sleep` call is used to prevent the program from exiting before the goroutine has a chance to run.

### Goroutine Characteristics
1. **Lightweight**: Goroutines are much lighter than traditional threads. The Go runtime manages them, and they have a small initial stack size that grows and shrinks as needed.
2. **Managed by Go Runtime**: The Go scheduler handles the execution of goroutines, distributing them across available CPU cores.
3. **Concurrency**: Goroutines enable concurrent programming, allowing multiple tasks to run simultaneously.

### Synchronization
To coordinate between goroutines, Go provides several synchronization primitives, such as channels, mutexes, and wait groups.

#### Channels
Channels are used to communicate between goroutines safely. They can be used to send and receive values.

```go
package main

import (
    ""fmt""
)

func sayHello(done chan bool) {
    fmt.Println(""Hello, World!"")
    done <- true // Signal that the function is done
}

func main() {
    done := make(chan bool)
    go sayHello(done)
    <-done // Wait for the signal
}
```

#### Wait Groups
Wait groups are used to wait for a collection of goroutines to finish executing.

```go
package main

import (
    ""fmt""
    ""sync""
)

func sayHello(wg *sync.WaitGroup) {
    defer wg.Done() // Signal that the goroutine is done
    fmt.Println(""Hello, World!"")
}

func main() {
    var wg sync.WaitGroup
    wg.Add(1) // Add a goroutine to the wait group
    go sayHello(&wg)
    wg.Wait() // Wait for all goroutines to finish
}
```

### Error Handling
Error handling in goroutines can be done through channels or other synchronization mechanisms. For example, you can send errors through a channel and handle them in the main function.

```go
package main

import (
    ""errors""
    ""fmt""
)

func doWork(errChan chan error) {
    // Simulate an error
    errChan <- errors.New(""something went wrong"")
}

func main() {
    errChan := make(chan error)
    go doWork(errChan)
    err := <-errChan
    if err != nil {
        fmt.Println(""Error:"", err)
    }
}
```

### Conclusion
Goroutines are a powerful feature in Go that enable concurrent programming with ease. They are lightweight, managed by the Go runtime, and can be synchronized using channels, wait groups, and other primitives. Understanding how to use goroutines effectively can help you build efficient and scalable applications.",how do goroutines work?,general coding,,,1,,1,false,,,,,,,
yaml,chat,gpt-4o,chat,question_022/question.yaml,dd6db98bccc1fd6bf620b63d9b2dacd7a6768db7,,,,0,0,0,0,,,,,,,,,,,"The `limit.go` file in your codebase is responsible for managing and enforcing display limits on search results, specifically for files and matches within those files. Here's a high-level overview of its functionality:

1. **Sorting and Truncating Files**:
   - The `SortAndTruncateFiles` function sorts a list of file matches and then truncates them based on specified search options.

2. **Display Truncator**:
   - The `DisplayTruncator` type is a function that enforces limits on the number of documents and matches displayed. It ensures that the results do not exceed the specified limits.
   - The `NewDisplayTruncator` function creates a `DisplayTruncator` based on the provided search options. It returns a function that can be used to truncate file matches according to the limits.

3. **Limiting Matches**:
   - The `limitMatches` function applies limits to the matches within files. It uses either `limitChunkMatches` or `limitLineMatches` depending on whether chunk matches or line matches are being limited.
   - The `limitChunkMatches` function limits the number of chunk matches in a file, adjusting the content, ranges, and symbol information accordingly.
   - The `limitLineMatches` function limits the number of line matches in a file by truncating the line fragments.

Overall, this file ensures that search results are displayed within the specified limits, providing a controlled and manageable output for users.",what does @limit.go do?,explain code,,,1,,1,false,,,,,,,
