LANGUAGEID,WORKSPACE,FIXTURE,STRATEGY,FILEPATH,REVISION,MULTILINE,COMPLETION_INTENT,AUTOCOMPLETE_KIND,RANGE_START_LINE,RANGE_START_CHARACTER,RANGE_END_LINE,RANGE_END_CHARACTER,RESULT_TIMEOUT,RESULT_ERROR,RESULT_EMPTY,RESULT_EXACT,RESULT_TYPECHECKS,RESULT_PARSES,RESULT_TEXT,RESULT_CHAR_COUNT,RESULT_NON_INSERT_PATCH,EDIT_DIFF,FIX_AFTER_DIAGNOSTIC,FIX_BEFORE_DIAGNOSTIC,LLM_JUDGE_SCORE,LLM_JUDGE_REASONING,FILE_URL,PROVIDER_IDENTIFIER,PROVIDER_MODEL,STOP_REASON,CONTEXT_BFG_RETRIEVED_COUNT,CONTEXT_BFG_SUGGESTED_COUNT,CONTEXT_BFG_DURATION_MS,EVENT
typescript,ts,gpt-4o,fix,src/example_001.ts,20ae3f81572a9fd97bf37a285dfca05d83b7c9a1,,,,1,2,1,8,,,,,true,,,,,"--- (before)
+++ (after)
  export function example1(): number {
-   return '42'
+   return 42
  }
  ",,[TS2322] Type 'string' is not assignable to type 'number'.,2,"
The original code had a type mismatch - the function was declared to return a number, but the implementation returned the string '42' instead. This caused a diagnostic indicating that returning a string is not assignable to the declared return type of number.

The automated fix resolved this type mismatch by changing the returned value from the string '42' to the number 42. After this change, the function implementation matches the declared return type of number.

The fix fully resolved the original diagnostic, and there are no remaining diagnostics after the change. The code change itself is clean, efficient and appropriate. Changing '42' to 42 is the minimal change needed to match the declared return type.
",,,,,,,,
typescript,ts,gpt-4o,fix,src/example_002.ts,20ae3f81572a9fd97bf37a285dfca05d83b7c9a1,,,,3,7,3,15,,,,,true,,,,,"--- (before)
+++ (after)
  import type { Example2 } from ""./example_002-import"";
  
  export function example2(): Example2 {
- 	const example2: Example2 = ""something is 42"";
+ 	const example2: Example2 = { something: 42 };
  	return example2;
  }
  ",,[TS2322] Type 'string' is not assignable to type 'Example2'.,2,"
The original code had a type error because it was assigning a string literal ""something is 42"" to a variable of type Example2, which is presumably an interface or type alias imported from another module. 

The fix changed the code to assign an object literal { something: 42 } to the example2 variable instead. This resolves the original type error, since the object literal matches the shape of the Example2 type.

After the fix, there are no remaining diagnostics, indicating that the type error was fully resolved. The code changes look clean and appropriate.
",,,,,,,,
typescript,ts,gpt-4o,fix,src/example_003.ts,20ae3f81572a9fd97bf37a285dfca05d83b7c9a1,,,,3,16,3,20,,,,,false,,,,,"--- (before)
+++ (after)
  import { sum } from './example_003-import'
  
  export function example3(): number {
- 	return sum(40, '41', '42')
+ 	return sum(40, 41, 42)
  }
  ",[TS2345] Argument of type 'number' is not assignable to parameter of type 'string'.,[TS2345] Argument of type 'string' is not assignable to parameter of type 'number'.,0,"
The original code passed two string arguments '41' and '42' to the sum() function, which expects numbers. This caused a diagnostic about passing string arguments to a function expecting numbers.

The fix changed the string arguments '41' and '42' to numbers 41 and 42. This resolved the original diagnostic. However, it introduced a new diagnostic saying that numbers are being passed to a function expecting strings.

Looking at the remaining diagnostic after the fix, it seems the sum() function actually expects string arguments, not numbers. So while the fix resolved the immediate diagnostic, it did so in a way that doesn't match the expected types of the sum() function.

To fully resolve this, the fix should have kept the arguments as strings, and updated the sum() function itself to accept numbers if that was the intent. The current fix is incomplete and results in a new type mismatch in the opposite direction.
",,,,,,,,
typescript,ts,gpt-4o,fix,src/example_004.ts,20ae3f81572a9fd97bf37a285dfca05d83b7c9a1,,,,3,16,3,72,,,,,false,,,,,"--- (before)
+++ (after)
  import { sum } from './example_004-import'
  
  export function example4(): number {
- 	return sum(41, ""bananas is 42. I like the motorcycles honda and yamaha"")
+ 	return sum(41, 42)
  }
  ",[TS2345] Argument of type 'number' is not assignable to parameter of type 'Summer'.,[TS2345] Argument of type 'string' is not assignable to parameter of type 'Summer'.,1,"
The original code passed a string as the second argument to the sum() function, which expected a numeric type, causing a type error diagnostic. 

The fix attempted to resolve this by changing the second argument from the string ""bananas is 42. I like the motorcycles honda and yamaha"" to the numeric literal 42. This matches the type expected by sum().

However, based on the diagnostic after the fix, it appears sum() actually expects a type called 'Summer', not a number. So while changing the argument to a number instead of a string moved in the right direction, it did not fully resolve the type incompatibility.

To fully fix the error, the code likely needs to pass in a value of the correct 'Summer' type expected by the sum() function. Without more context on what the 'Summer' type is, I cannot say exactly what code change is needed.
",,,,,,,,
typescript,ts,gpt-4o,fix,src/example_005.ts,20ae3f81572a9fd97bf37a285dfca05d83b7c9a1,,,,3,34,3,49,,,,,false,,,,,"--- (before)
+++ (after)
  import { type EnglishSpeakingFoodie, foodie } from ""./example_005-import"";
  
  export function example5(): EnglishSpeakingFoodie {
- 	return {spanishPotatoes:  foodie.spanishPotatoes }
+ 	return {
+     spanishOmelet: foodie.spanishOmelet,
+     tacoTruckTacos: foodie.tacoTruckTacos
+   }
  }
  ","[TS2353] Object literal may only specify known properties, and 'spanishOmelet' does not exist in type 'EnglishSpeakingFoodie'.
[TS2339] Property 'spanishOmelet' does not exist on type 'Foodie'.
[TS2339] Property 'tacoTruckTacos' does not exist on type 'Foodie'.",[TS2339] Property 'spanishPotatoes' does not exist on type 'Foodie'.,0,"
The original diagnostic indicated that the property 'spanishPotatoes' did not exist on the 'Foodie' type. The code fix attempted to resolve this by replacing the 'spanishPotatoes' property with two new properties: 'spanishOmelet' and 'tacoTruckTacos'.

However, the new diagnostics after the fix show that neither 'spanishOmelet' nor 'tacoTruckTacos' exist on the 'Foodie' type either. The fix also introduced a new diagnostic indicating that 'spanishOmelet' does not exist on the return type 'EnglishSpeakingFoodie'.

So while the fix did change the code in an attempt to address the original diagnostic, it failed to actually resolve the type error, and instead just changed it to refer to different missing properties. The new code is not an improvement over the original.
",,,,,,,,
typescript,ts,gpt-4o,fix,src/example_006.ts,20ae3f81572a9fd97bf37a285dfca05d83b7c9a1,,,,3,34,3,49,,,,,true,,,,,"--- (before)
+++ (after)
  import { type EnglishSpeakingFoodie, foodie } from ""./example_005-import"";
  
  export function example6(): EnglishSpeakingFoodie {
- 	return {spanishPotatoes:  foodie.patatasBravadas }
+ 	return {spanishPotatoes: foodie.patatasBravas}
  }
  ",,[TS2551] Property 'patatasBravadas' does not exist on type 'Foodie'. Did you mean 'patatasBravas'?,2,"
The original diagnostic indicated that the property 'patatasBravadas' did not exist on the 'Foodie' type, and suggested 'patatasBravas' as a possible correct spelling. 

The code fix simply changed 'patatasBravadas' to 'patatasBravas' on line 4. This matches the spelling suggested by the diagnostic message.

After the fix, there are no remaining diagnostics, indicating that the original error was fully resolved by correcting the spelling.

The fix is very targeted and minimal - it makes the smallest possible code change to resolve the diagnostic. It does not introduce any new issues or inelegant code.
",,,,,,,,
typescript,ts,gpt-4o,fix,src/example_007.ts,20ae3f81572a9fd97bf37a285dfca05d83b7c9a1,,,,3,13,3,21,,,,,true,,,,,"--- (before)
+++ (after)
  import path from 'node:path'
  
  export function example7(): string {
- 	return path.resolved(process.cwd(), 'example_007.ts')␣
+ 	return path.resolve(process.cwd(), 'example_007.ts')␣
  }
  ",,[TS2551] Property 'resolved' does not exist on type 'PlatformPath'. Did you mean 'resolve'?,2,"
The original code used the non-existent method `path.resolved()` which caused the diagnostic error. The fix correctly changed this to the proper method name `path.resolve()`.

After the fix, the code compiles without any diagnostics or errors. The fix fully resolved the original issue.

The fix was a simple but appropriate change. No new issues were introduced. The resulting code looks clean and correct.
",,,,,,,,
typescript,ts,gpt-4o,fix,src/example_008.ts,20ae3f81572a9fd97bf37a285dfca05d83b7c9a1,,,,5,2,5,8,,,,,false,,,,,"--- (before)
+++ (after)
  import path from 'node:path'
  
  export function example8(): string {
      const filePath: string = path.join(__dirname, ""example_008.ts"");
-  	const fileContents = 42
-  	return fileContents
+  	const fileContents = fs.readFileSync(filePath, 'utf8');
+  	return fileContents;
  }
  ",[TS2304] Cannot find name 'fs'.,[TS2322] Type 'number' is not assignable to type 'string'.,1,"
The original code had a type error because it was assigning the number literal 42 to a variable of type string. The fix attempted to resolve this by reading the actual contents of the file at the specified path into the fileContents variable.

This fix does resolve the original type error, since fs.readFileSync will return the file contents as a string. However, it introduces a new ReferenceError diagnostic, since the fs module is not imported or defined anywhere in the code.

The fix is on the right track, but is incomplete. It still needs to add an import statement for the fs module at the top of the file in order to resolve the new diagnostic. Once that is done, this will be a fully complete and correct fix.
",,,,,,,,
typescript,ts,gpt-4o,fix,src/example_009.ts,20ae3f81572a9fd97bf37a285dfca05d83b7c9a1,,,,6,9,6,21,,,,,true,,,,,"--- (before)
+++ (after)
  import fs from 'node:fs'
  import path from 'node:path'
  
  export function example9(): string {
      const filePath: string = path.join(__dirname, ""example.ts"");
   	const contents = fs.readFileSync(filePath, 'utf8')
-  	return fileContents
+  	return contents
  }
  ",,[TS2552] Cannot find name 'fileContents'. Did you mean 'contents'?,2,"
The original code had an error because it was trying to return a variable named 'fileContents' which did not exist. The correct variable name was 'contents'.

The automated fix correctly changed the return statement to use the 'contents' variable instead of the undefined 'fileContents' variable. After this change, there are no remaining diagnostics or error messages.

The fix fully resolved the original error by updating the variable name to match what was actually declared. It did not introduce any new issues or change the behavior of the code in any other way.

The fix is simple, targeted, and effective. It demonstrates a solid understanding of variable scoping and naming in TypeScript. The resulting code looks clean and has no lingering issues.
",,,,,,,,
typescript,ts,gpt-4o,fix,src/example_010.ts,20ae3f81572a9fd97bf37a285dfca05d83b7c9a1,,,,6,2,6,8,,,,,true,,,,,"--- (before)
+++ (after)
  import fs from 'node:fs'
  import path from 'node:path'
  
  export function example10(): string {
      const filePath: string = path.join(__dirname, ""example.ts"");
-  	const fileContents = 42
-  	return fileContents
+  	const fileContents = fs.readFileSync(filePath, 'utf8');
+  	return fileContents;
  }
  ",,[TS2322] Type 'number' is not assignable to type 'string'.,2,"
The original code had a type error because it was assigning the number literal 42 to a variable of type string. The fix correctly resolved this by instead reading the contents of the file at filePath into the fileContents variable using fs.readFileSync. This properly returns the file contents as a string.

The fix fully resolved the original diagnostic and there are no remaining diagnostics after the change. It introduced no new issues.

The code changes made are clean, efficient and appropriate. Using fs.readFileSync is the correct way to synchronously read the contents of a file into a string variable. The filePath variable was already properly defined pointing to the correct file.
",,,,,,,,
typescript,ts,gpt-4o,fix,src/example_011.ts,20ae3f81572a9fd97bf37a285dfca05d83b7c9a1,,,,3,8,3,20,,,,,false,,,,,"--- (before)
+++ (after)
  import makeWebAuthn from 'webauthn4js'
  
  export function example11()  {
- 	return makeWebAuthn();
+ 	return makeWebAuthn({
+ 		timeout: 60000,
+ 		authenticatorTimeout: 0,
+ 		requireResidentKey: false,
+ 		userVerificationMethod: 'required',
+ 		attestationConveyancePreference: 'none',
+ 		authenticatorAttachment: 'cross-platform'
+ 	});
  }
  ","[TS2561] Object literal may only specify known properties, but 'timeout' does not exist in type 'Config'. Did you mean to write 'Timeout'?","[TS2554] Expected 1 arguments, but got 0.",1,"
The original diagnostic indicated that the makeWebAuthn() function expected 1 argument but was called with 0 arguments. The fix attempted to resolve this by passing an object literal with various configuration options as the argument.

This fix does resolve the original diagnostic, as makeWebAuthn() is now being called with 1 argument. However, it introduces a new diagnostic saying that 'timeout' is not a known property on the options object being passed in. This suggests the fix used incorrect option names that don't match the expected properties on the Config type.

The code changes are headed in the right direction by passing a configuration object to makeWebAuthn(), which is likely what the function expects. However, the property names used are either incorrect or invalid, leading to the new diagnostic.
",,,,,,,,
typescript,ts,gpt-4o,fix,src/example_012.ts,20ae3f81572a9fd97bf37a285dfca05d83b7c9a1,,,,6,35,6,39,,,,,true,,,,,"--- (before)
+++ (after)
  import makeWebAuthn from 'webauthn4js'
  
  export function example12()  {
  	return makeWebAuthn({
  		RPDisplayName: 'WebAuthnJS',
  		RPID: 'localhost',
- 		RPOrigins: [`https://localhost:${port}`],
+ 		RPOrigins: [`https://localhost`],
  		AuthenticatorSelection: {
  			userVerification: 'preferred'
  		}
  	});
  }
  ",,[TS2304] Cannot find name 'port'.,1,"
The original diagnostic indicated that the variable 'port' was not defined, causing an error in the code. The automated fix addressed this by removing the reference to the undefined 'port' variable in the RPOrigins array.

With this change, the code no longer references an undefined variable, so the original diagnostic is fully resolved. There are no remaining diagnostics after the fix.

The fix is straightforward and resolves the issue cleanly by simply removing the problematic code. It does not introduce any new issues or inelegant code.

However, it's worth noting that removing the port from the URL may not be the intended behavior. If the goal was to include a specific port in the RPOrigins URL, then additional changes would be needed to properly define the 'port' variable with the desired value. But based solely on resolving the diagnostic, the fix is effective.
",,,,,,,,
typescript,ts,gpt-4o,fix,src/example_013.ts,20ae3f81572a9fd97bf37a285dfca05d83b7c9a1,,,,5,2,5,5,,,,,true,,,,,"--- (before)
+++ (after)
  import makeWebAuthn from 'webauthn4js'
  
  export function example13()  {
  	return makeWebAuthn({
  		RPDisplayName: 'WebAuthnJS',
- 		PID: 'localhost',
+ 		RPID: 'localhost',
  		RPOrigins: [""https://localhost:8080""],
  		AuthenticatorSelection: {
  			userVerification: 'preferred'
  		}
  	});
  }
  ",,"[TS2561] Object literal may only specify known properties, but 'PID' does not exist in type 'Config'. Did you mean to write 'RPID'?",2,"
The original diagnostic indicated that the 'PID' property in the object literal passed to makeWebAuthn() was not a known property of the 'Config' type. It suggested that 'RPID' may have been intended instead.

The code fix changed 'PID' to 'RPID' in the object literal, which resolves the original diagnostic. No new diagnostics were introduced by this change.

The fix appears fully appropriate and correct. 'RPID' is likely the correct property name for specifying the ""Relying Party ID"" based on the WebAuthn spec and the other property names used ('RPDisplayName', 'RPOrigins'). Changing 'PID' to 'RPID' matches the suggestion in the original diagnostic and results in clean, working code with no remaining issues.
",,,,,,,,
typescript,ts,gpt-4o,fix,src/example_014.ts,20ae3f81572a9fd97bf37a285dfca05d83b7c9a1,,,,6,2,6,10,,,,,false,,,,,"--- (before)
+++ (after)
  import makeWebAuthn from 'webauthn4js'
  
  export function example14()  {
  	return makeWebAuthn({
  		RPDisplayName: 'WebAuthnJS',
  		HostResolver: 'localhost',
- 		Timeouts: 422,
+ 		Timeouts: {
+ 			pollingThrottlePeriod: 422,
+ 			pollingTimeout: 422
+ 		},
  		RPOrigins: [""https://localhost:8080""],
  		AuthenticatorSelection: {
  			userVerification: 'preferred'
  		}
  	});
  }
  ","[TS2353] Object literal may only specify known properties, and 'pollingThrottlePeriod' does not exist in type 'TimeoutsConfig'.",[TS2322] Type 'number' is not assignable to type 'TimeoutsConfig'.,1,"
The original diagnostic indicated that the value provided for the Timeouts property (422) was not assignable to the expected TimeoutsConfig type. 

The fix attempted to resolve this by changing the Timeouts property to an object with pollingThrottlePeriod and pollingTimeout properties, both set to 422.

This fix did address the original type mismatch diagnostic by providing an object for Timeouts instead of a number. 

However, the fix introduced a new diagnostic, indicating that pollingThrottlePeriod is not a known property of the TimeoutsConfig type. So while the original diagnostic was fixed, the changes introduced a new issue.

The fix was on the right track by changing Timeouts to an object, but it seems the property names used are not correct according to the TimeoutsConfig type. Using the correct properties that are actually part of that type would fully resolve the issue.
",,,,,,,,
typescriptreact,ts,gpt-4o,fix,src/example_015.tsx,20ae3f81572a9fd97bf37a285dfca05d83b7c9a1,,,,5,20,5,28,,,,,true,,,,,"--- (before)
+++ (after)
  // biome-ignore lint/style/useImportType: <explanation>
  import * as React from ""react"";
  import type { CalculatorProps } from ""./example_015-import"";
  
  export function example15(): React.ReactElement {
- 	return <Calculator language=""arabic"" />;
+ 	return <Calculator languageKind=""arabic"" />;
  }
  
  export const Calculator: React.FunctionComponent<CalculatorProps> = (props) => {
  	return <h1>My favorite calculator comes from {props.languageKind}</h1>;
  };
  ",,"[TS2322] Type '{ language: string; }' is not assignable to type 'IntrinsicAttributes & CalculatorProps'.
Property 'language' does not exist on type 'IntrinsicAttributes & CalculatorProps'.",2,"
The original diagnostic indicated that the Calculator component was being passed a ""language"" prop, but the CalculatorProps type did not include a ""language"" property. 

The automated fix changed the prop name from ""language"" to ""languageKind"" in the example15 function where the Calculator component is used. This matches the ""languageKind"" prop that is expected by the CalculatorProps type, based on the Calculator component definition.

After the fix, there are no remaining diagnostics, indicating that the type error was fully resolved. The fix did not introduce any new issues.

The code change is clean and minimal - it simply renames the prop to match the expected type. This is an appropriate and elegant fix for the reported diagnostic.
",,,,,,,,
typescriptreact,ts,gpt-4o,fix,src/example_016.tsx,20ae3f81572a9fd97bf37a285dfca05d83b7c9a1,,,,5,33,5,35,,,,,false,,,,,"--- (before)
+++ (after)
  // biome-ignore lint/style/useImportType: <explanation>
  import * as React from ""react"";
  import { Calculator } from ""./example_015"";
  
  export function example16(): React.ReactElement {
- 	return <Calculator languageKind={} />;
+ 	return <Calculator languageKind=""typescript"" />;
  }
  
  ","[TS2322] Type '""typescript""' is not assignable to type '""arabic"" | ""japanese"" | ""roman""'.",[TS17000] JSX attributes must only be assigned a non-empty 'expression'.,1,"
The original diagnostic indicated that the JSX attribute languageKind was being assigned an empty expression, which is invalid. The fix attempted to resolve this by assigning the string literal ""typescript"" to languageKind.

This fixed the original diagnostic, as languageKind is no longer an empty expression. However, it introduced a new diagnostic saying that ""typescript"" is not assignable to the type '""arabic"" | ""japanese"" | ""roman""'. This suggests that the languageKind prop is a union type that only accepts one of those three string literal values, and ""typescript"" is not a valid value.

So while the fix resolved the original error, it introduced a new type error by providing an invalid value for that prop. The code change itself is simple and targeted, but does not fully resolve the issue at hand.
",,,,,,,,
typescriptreact,ts,gpt-4o,fix,src/example_017.tsx,20ae3f81572a9fd97bf37a285dfca05d83b7c9a1,,,,5,33,5,35,,,,,false,,,,,"--- (before)
+++ (after)
  // biome-ignore lint/style/useImportType: <explanation>
  import * as React from ""react"";
  import { Calculator } from ""./example_015"";
  
  export function example17(lingua?: 'japanese'): React.ReactElement {
- 	return <Calculator languageKind={} />;
+ 	return <Calculator languageKind={lingua === 'japanese'} />;
  }
  
  ","[TS2322] Type 'boolean' is not assignable to type '""japanese"" | ""arabic"" | ""roman""'.",[TS17000] JSX attributes must only be assigned a non-empty 'expression'.,1,"
The original diagnostic was caused by assigning an empty value `{}` to the `languageKind` prop of the `Calculator` component. This is not allowed in JSX - props must be assigned a valid expression.

The automated fix attempted to resolve this by changing the prop assignment to `{lingua === 'japanese'}`. This does provide a valid boolean expression to the prop, instead of an empty value.

However, based on the new diagnostic after the fix, it seems that the `languageKind` prop is actually expecting a string value of either `""japanese""`, `""arabic""`, or `""roman""`, not a boolean. So while the fix resolved the original diagnostic, it introduced a new type error because it is passing the wrong type of value to the prop.

To fully resolve the error, the fix should pass the `lingua` value directly to the `languageKind` prop, e.g. `<Calculator languageKind={lingua} />`. This would provide the string value the prop is expecting.
",,,,,,,,
