LANGUAGEID,WORKSPACE,FIXTURE,STRATEGY,FILEPATH,REVISION,MULTILINE,COMPLETION_INTENT,AUTOCOMPLETE_KIND,RANGE_START_LINE,RANGE_START_CHARACTER,RANGE_END_LINE,RANGE_END_CHARACTER,RESULT_TIMEOUT,RESULT_ERROR,RESULT_EMPTY,RESULT_EXACT,RESULT_TYPECHECKS,RESULT_PARSES,RESULT_TEXT,RESULT_CHAR_COUNT,RESULT_NON_INSERT_PATCH,EDIT_DIFF,CHAT_REPLY,CHAT_QUESTION,QUESTION_CLASS,FIX_AFTER_DIAGNOSTIC,FIX_BEFORE_DIAGNOSTIC,LLM_JUDGE_SCORE,LLM_JUDGE_REASONING,CONCISENESS_SCORE,HEDGES,PROVIDER_IDENTIFIER,PROVIDER_MODEL,STOP_REASON,CONTEXT_BFG_RETRIEVED_COUNT,CONTEXT_BFG_SUGGESTED_COUNT,CONTEXT_BFG_DURATION_MS,EVENT,TEST_FILENAME,TEST_EXPECTED_FILENAME,TEST_GENERATED,TEST_USED_EXPECTED_TEST_FRAMEWORK,TEST_USED_CORRECT_APPEND_OPERATION,TEST_INPUT_FILENAME,TEST_LANGUAGE,TEST_NAME,TEST_DIAGNOSTICS
yaml,chat,claude-3-sonnet,chat,question_001/question.yaml,90eaf9c1c6988c46c0a6c3cb68a405bbdac1ee8e,,,,0,0,0,0,,,,,,,,,,,"Based on the provided codebase context, we can implement a `Dog` class that extends the `Animal` interface. Here's an example implementation:

```typescript
class Dog implements Animal {
    name: string;
    age: number;
    breed: string;

    constructor(name: string, age: number, breed: string) {
        this.name = name;
        this.age = age;
        this.breed = breed;
    }

    bark(): void {
        console.log(`${this.name} says: Woof!`);
    }
}
```

In this implementation:

1. The `Dog` class implements the `Animal` interface, which means it must have the `name` and `age` properties defined in the interface.
2. We add an additional `breed` property to the `Dog` class to store the breed of the dog.
3. The constructor takes `name`, `age`, and `breed` as parameters and initializes the respective properties.
4. We also define a `bark` method that logs a message to the console with the dog's name and a ""Woof!"" sound.

You can create instances of the `Dog` class like this:

```typescript
const myDog = new Dog(""Buddy"", 3, ""Labrador"");
console.log(myDog.name); // Output: ""Buddy""
console.log(myDog.age); // Output: 3
console.log(myDog.breed); // Output: ""Labrador""
myDog.bark(); // Output: ""Buddy says: Woof!""
```

This implementation extends the `Animal` interface and adds dog-specific functionality (the `breed` property and the `bark` method) to the `Dog` class.",implement a dog class,generate code,,,1,,1,false,,,,,,,,,,,,,,,,
yaml,chat,claude-3-sonnet,chat,question_002/question.yaml,90eaf9c1c6988c46c0a6c3cb68a405bbdac1ee8e,,,,0,0,0,0,,,,,,,,,,,"Based on the provided code context, Squirrel is an interface that represents a code intelligence API. It has a single method `symbolInformation` that takes a `file` string as input and returns an object of type `CodeIntelligence`, which contains an array of strings called `symbols`.

The comment above the `Squirrel` interface states that ""Squirrel is a code intelligence API"", which aligns with the purpose of the `symbolInformation` method to provide information about symbols (e.g., variables, functions, classes) in a given file.",what is squirrel?,codebase onboarding,,,1,,1,false,,,,,,,,,,,,,,,,
yaml,chat,claude-3-sonnet,chat,question_003/question.yaml,90eaf9c1c6988c46c0a6c3cb68a405bbdac1ee8e,,,,0,0,0,0,,,,,,,,,,,"Based on the provided README file, I have access to the source code for Zoekt, which is a fast text search engine intended for use with source code. The README provides instructions for downloading, indexing, and searching the codebase using various commands like `zoekt-index`, `zoekt-git-index`, `zoekt-webserver`, and `zoekt`.

The README also mentions that this is a fork of the original Google Zoekt repository (https://github.com/google/zoekt) by Sourcegraph (https://github.com/sourcegraph/zoekt). It outlines some of the differences between this fork and the original, such as the addition of a `zoekt-sourcegraph-indexserver` command, exposing the API via `keegancsmith/rpc`, support for searching across branches/repos, and returning symbol/ctag data in results.

However, the actual source code files are not provided in the context. The README only gives an overview of the project and instructions for using the various components.",What code do you have access to?,cody usage,,,1,,1,false,,,,,,,,,,,,,,,,
yaml,chat,claude-3-sonnet,chat,question_004/question.yaml,90eaf9c1c6988c46c0a6c3cb68a405bbdac1ee8e,,,,0,0,0,0,,,,,,,,,,,"In Go, slices are a fundamental data type that provide a flexible and efficient way to work with sequences of elements. They are built on top of arrays and provide a way to access and manipulate a subset of an array's elements without copying the entire array.

Here are some key points about slices in Go:

1. **Slice Syntax**: Slices are created using the syntax `[]T`, where `T` is the type of the elements in the slice. For example, `[]int` creates a slice of integers.

2. **Slice Literals**: You can create a slice literal using the syntax `[]T{value1, value2, ..., valueN}`. For example, `[]int{1, 2, 3}` creates a slice of integers with three elements.

3. **Length and Capacity**: Slices have a length and a capacity. The length is the number of elements in the slice, and the capacity is the maximum number of elements the slice can hold before it needs to be reallocated.

4. **Accessing Elements**: You can access elements in a slice using the index notation `slice[index]`. Indexes in Go start from 0.

5. **Slicing Operator**: You can create a new slice from an existing slice using the slicing operator `slice[low:high]`. This creates a new slice that includes the elements from the original slice starting at index `low` and up to (but not including) index `high`.

6. **Appending Elements**: You can append elements to a slice using the built-in `append` function: `newSlice = append(slice, element1, element2, ...)`.

7. **Iterating over Slices**: You can iterate over the elements of a slice using a `for` loop. For example:

```go
for i := 0; i < len(mySlice); i++ {
    fmt.Println(mySlice[i])
}
```

8. **Slices and Arrays**: Slices are backed by arrays. When you create a slice from an array, the slice shares the underlying array's memory with the array. Modifying the slice also modifies the corresponding elements in the array.

9. **Slice Functions**: The Go standard library provides several functions for working with slices, such as `len`, `cap`, `copy`, and `make`.

10. **Nil Slices**: An uninitialized slice is `nil`. You can check if a slice is `nil` using the comparison `mySlice == nil`.

In the provided code snippet, the `slices.Contains` function is likely a custom function that checks if a slice contains a specific value. It is not part of the Go standard library, but it is a common utility function that developers often implement themselves or use from third-party libraries.",how do slices work in go?,general coding,,,1,,1,false,,,,,,,,,,,,,,,,
yaml,chat,claude-3-sonnet,chat,question_005/question.yaml,90eaf9c1c6988c46c0a6c3cb68a405bbdac1ee8e,,,,0,0,0,0,,,,,,,,,,,"The provided regex `/n/a|e|i|o|u//n` is not a valid regular expression in most programming languages. However, let's break it down to understand what it might be trying to achieve:

1. `/n/`: This part is a valid regex pattern that matches the literal string `""n""`.
2. `a|e|i|o|u`: This is an alternation (using the `|` operator) that matches any single character from the set `a`, `e`, `i`, `o`, or `u`. In other words, it matches any vowel.
3. `//n`: This part is not a valid regex syntax. It seems like there might be a typo or missing part here.

If we assume that the intention was to match the letter `""n""` followed by any vowel, the correct regular expression would be:

```
/n[aeiou]/
```

This regex pattern would match strings like `""na""`, `""ne""`, `""ni""`, `""no""`, or `""nu""`.

However, if the intention was to match the letter `""n""` followed by any character that is not a vowel, the correct regular expression would be:

```
/n[^aeiou]/
```

This regex pattern would match strings like `""nb""`, `""nc""`, `""nd""`, `""nf""`, etc.

Without more context about the intended use case, it's difficult to determine the exact meaning of the provided regex pattern.",what does this regex do? \n/a|e|i|o|u/\n,general coding,,,1,,1,false,,,,,,,,,,,,,,,,
yaml,chat,claude-3-sonnet,chat,question_006/question.yaml,90eaf9c1c6988c46c0a6c3cb68a405bbdac1ee8e,,,,0,0,0,0,,,,,,,,,,,"Unfortunately, the provided codebase context does not contain any CSS or HTML files, so I cannot provide an example of styling a checkbox using light purple color. However, here's an example of how you can style a checkbox using CSS:

```css
/* Custom Checkbox Styles */
/* Customize the color and size as needed */
input[type=""checkbox""] {
  appearance: none;
  -webkit-appearance: none;
  -moz-appearance: none;
  width: 20px;
  height: 20px;
  border: 2px solid #a855f7; /* Light purple border */
  border-radius: 4px;
  outline: none;
  cursor: pointer;
  position: relative;
}

/* Checkbox checked state */
input[type=""checkbox""]:checked {
  background-color: #a855f7; /* Light purple background */
}

/* Checkbox checked state - add checkmark */
input[type=""checkbox""]:checked::before {
  content: ""\2713""; /* Unicode checkmark character */
  font-size: 16px;
  color: white;
  position: absolute;
  top: 50%;
  left: 50%;
  transform: translate(-50%, -50%);
}
```

To use this CSS, you would need to include it in your HTML file and apply the styles to the desired checkbox input elements. Here's an example HTML snippet:

```html
<input type=""checkbox"" id=""checkbox1"" />
<label for=""checkbox1"">Light Purple Checkbox</label>
```

This CSS will style the checkbox with a light purple border and background when checked, and it will also add a white checkmark inside the checkbox when it's checked.",style css checkbox using light purple,general coding,,,1,,1,true,,,,,,,,,,,,,,,,
yaml,chat,claude-3-sonnet,chat,question_007/question.yaml,90eaf9c1c6988c46c0a6c3cb68a405bbdac1ee8e,,,,0,0,0,0,,,,,,,,,,,"Unfortunately, the provided code context does not contain any information related to upgrading Python versions. The code appears to be written in Go and is part of the Sourcegraph Cody project, which seems to be an AI coding assistant.

To upgrade your Python version, the process depends on your operating system and how you initially installed Python. Here are some general steps you can follow:

1. **Identify your current Python version**: Open your terminal or command prompt and run `python --version` or `python3 --version`. This will show you the version of Python currently installed.

2. **Check if a newer version is available**: Visit the official Python website (https://www.python.org/downloads/) and check if a newer version is available for your operating system.

3. **Download the latest Python version**: On the Python downloads page, select the appropriate installer for your operating system (e.g., Windows x86-64 executable installer, macOS pkg installer, or Linux source code).

4. **Run the installer**: Follow the instructions provided by the installer. It's generally recommended to install the latest Python version alongside your existing installation, rather than overwriting it.

5. **Update your system's PATH variable (Windows only)**: On Windows, you may need to update your system's PATH variable to include the new Python installation directory. This ensures that you can run Python from any directory in your terminal or command prompt.

6. **Verify the installation**: After the installation is complete, open a new terminal or command prompt window and run `python --version` or `python3 --version` again. It should now show the new Python version you just installed.

If you encounter any issues or have specific requirements (e.g., using a virtual environment or a package manager like `pip`), you may need to consult the Python documentation or seek further assistance from Python community resources.",how to upgrade my python version?,general coding,,,1,,0,true,,,,,,,,,,,,,,,,
yaml,chat,claude-3-sonnet,chat,question_008/question.yaml,90eaf9c1c6988c46c0a6c3cb68a405bbdac1ee8e,,,,0,0,0,0,,,,,,,,,,,"Based on the provided code snippet, this repository appears to be part of a project called ""zoekt"". The code deals with sorting and truncating search results, specifically file matches and line/chunk matches within those files.

The main functions and types are:

1. `SortAndTruncateFiles`: This function sorts the given `FileMatch` slice and then truncates it based on the provided `SearchOptions`.

2. `DisplayTruncator`: This is a type alias for a function that takes a slice of `FileMatch` and returns a (potentially truncated) slice of `FileMatch` along with a boolean indicating if there are more matches to be displayed.

3. `NewDisplayTruncator`: This function returns a `DisplayTruncator` that enforces the limits specified in the `SearchOptions` (e.g., `MaxDocDisplayCount` and `MaxMatchDisplayCount`).

4. `limitMatches`: This function limits the number of chunk or line matches in the given `FileMatch` slice based on the provided limit and whether to chunk matches or not.

5. `limitChunkMatches`: This function limits the number of chunk matches in a single `FileMatch` by truncating the `Ranges`, `SymbolInfo`, and `Content` fields as necessary.

6. `limitLineMatches`: This function limits the number of line matches in a single `FileMatch` by truncating the `LineFragments` field.

Overall, this code seems to be part of a search engine or a code search tool that retrieves file matches and provides functionality to sort and limit the number of displayed matches based on user-specified options.",What does this repo do??,codebase onboarding,,,1,,1,false,,,,,,,,,,,,,,,,
yaml,chat,claude-3-sonnet,chat,question_009/question.yaml,90eaf9c1c6988c46c0a6c3cb68a405bbdac1ee8e,,,,0,0,0,0,,,,,,,,,,,"Based on the provided codebase context, it appears that this repository contains the source code for Zoekt, a fast text search engine intended for use with source code. The codebase is written in Go and was originally created by Google, but is now maintained by Sourcegraph as a fork of the original Google repository.

The README.md file provides an overview of Zoekt, including instructions for downloading, indexing, and searching code repositories using Zoekt. It also mentions that Zoekt supports symbol search and can be integrated with a web interface or JSON API.

The eval.go file contains the core search functionality of Zoekt. It defines various data structures and functions for simplifying and evaluating search queries, gathering matches from indexed documents, scoring and ranking search results, and handling different types of queries (e.g., regular expressions, substring matches, branch filters).

The limit.go file contains functions for sorting and truncating search results based on specified limits, such as the maximum number of documents or matches to display.

The provided context also includes a TypeScript file (src/external-services.ts) from a Visual Studio Code extension, but it's unclear how this file relates to the Zoekt codebase.

Overall, the provided context suggests that this codebase implements a powerful and efficient code search engine with advanced features like regular expression matching, symbol search, and result ranking and filtering.",describe my code,codebase onboarding,,,1,,0,false,,,,,,,,,,,,,,,,
yaml,chat,claude-3-sonnet,chat,question_010/question.yaml,90eaf9c1c6988c46c0a6c3cb68a405bbdac1ee8e,,,,0,0,0,0,,,,,,,,,,,"Based on the provided codebase context, it appears that your code is related to an AI coding assistant called ""Cody"" developed by Sourcegraph. Here's a brief description of the relevant files:

1. `squirrel.ts`: This file defines an interface called `Squirrel`, which seems to be a code intelligence API. It has a method `symbolInformation` that takes a file path and returns an object containing an array of symbols.

2. `animal.ts`: This file defines a simple interface called `Animal` with properties `name` and `age`.

3. `agent.go`: This file is located in the `agent` package, but no additional context is provided about its contents.

4. `limit.go`: This file is located in the `actor` package and appears to contain code related to rate limiting and concurrency control for the Cody Gateway. It defines structs like `RateLimit`, `concurrencyLimiter`, and `updateOnErrorLimiter`, as well as error types like `ErrConcurrencyLimitExceeded`.

5. `README.md`: This file provides a brief description of the `@sourcegraph/cody-agent` package, which implements a JSON-RPC server to interact with Cody via stdout/stdin, intended for non-ECMAScript clients like JetBrains and NeoVim plugins.

Overall, the provided context suggests that this codebase is part of the Sourcegraph Cody project, which is an AI coding assistant. The code deals with various aspects such as code intelligence, rate limiting, concurrency control, and client communication.",\@zoekt describe my code.,codebase onboarding,,,1,,1,false,,,,,,,,,,,,,,,,
yaml,chat,claude-3-sonnet,chat,question_011/question.yaml,90eaf9c1c6988c46c0a6c3cb68a405bbdac1ee8e,,,,0,0,0,0,,,,,,,,,,,"The `DirectoryWatcher` in the `shards/watcher.go` file is responsible for monitoring a directory for changes to shard files (files with the `.zoekt` extension) and notifying a `shardLoader` interface to load or drop shard files accordingly.

Here's a breakdown of what the `DirectoryWatcher` does:

1. It scans the specified directory (`s.dir`) for `.zoekt` files on initialization and keeps track of their modification times (`s.timestamps`).
2. It loads the shard files that have been added or modified since the last scan by calling the `load` method of the `shardLoader` interface.
3. It drops (unloads) the shard files that have been deleted since the last scan by calling the `drop` method of the `shardLoader` interface.
4. It sets up a filesystem watcher using the `fsnotify` package to watch for file system events (create, modify, delete) in the specified directory.
5. When a file system event is detected, it triggers a new scan of the directory to detect changes in shard files and updates the `shardLoader` accordingly.
6. The `DirectoryWatcher` can be stopped by calling the `Stop` method, which closes the `quit` channel and waits for the watcher goroutine to stop.

The `DirectoryWatcher` is used to keep the shard files loaded in memory up-to-date with the files on disk, allowing for dynamic loading and unloading of shard files as they change.",What does directory watcher do?,code search,,,1,,1,false,,,,,,,,,,,,,,,,
yaml,chat,claude-3-sonnet,chat,question_012/question.yaml,90eaf9c1c6988c46c0a6c3cb68a405bbdac1ee8e,,,,0,0,0,0,,,,,,,,,,,"Based on the provided codebase context, it's difficult to definitively determine if your entire codebase is ""clean"" or not, as the context only includes a few selected files. However, I can provide some observations based on the files that were shared:

1. **mocked/enhanced_context/squirrel.ts**: This file appears to define interfaces related to a code intelligence API called ""Squirrel"". The code itself looks clean and well-structured.

2. **mocked/enhanced_context/animal.ts**: This file defines a simple interface for an ""Animal"" object. The code is straightforward and clean.

3. **mocked/enhanced_context/agent.go**: This file only contains a comment stating ""Agent is an agent"". Without any actual code, it's hard to make any assessment.

4. **mocked/codebase_context/limit.go**: This file contains a significant amount of Go code related to file matching, sorting, and truncation for the ""Zoekt"" search engine. The code appears to be well-structured and follows Go coding conventions. However, there are some complex logic and nested loops, which could potentially benefit from additional comments or refactoring for better readability.

5. **mocked/codebase_context/README.md**: This file is a markdown document providing instructions and information about the ""Zoekt"" project. It does not contain any code.

Overall, based on the limited context provided, the codebase appears to be reasonably clean and well-structured. However, without access to the entire codebase and a more comprehensive analysis, it's difficult to make a definitive assessment. Additionally, code cleanliness is subjective and can depend on various factors such as coding conventions, project requirements, and team preferences.",Is my codebase clean?,codebase onboarding,,,1,,0,false,,,,,,,,,,,,,,,,
yaml,chat,claude-3-sonnet,chat,question_013/question.yaml,90eaf9c1c6988c46c0a6c3cb68a405bbdac1ee8e,,,,0,0,0,0,,,,,,,,,,,"Based on the provided context, it seems there is no specific test for the gRPC chunker implementation. The provided code snippet `type server struct { grpc_testing.UnimplementedTestServiceServer }` is a struct definition for a gRPC server, but it does not provide any information about testing the chunker functionality.

The README file mentions that this is a fork of the Google Zoekt project and provides instructions for building, indexing, and searching the code. However, it does not mention any details about testing the gRPC chunker specifically.

Without more context or code related to the chunker implementation and its tests, I cannot provide a specific answer about where the gRPC chunker is tested in this codebase.",where do we test the grpc chunker,code search,,,1,,1,false,,,,,,,,,,,,,,,,
yaml,chat,claude-3-sonnet,chat,question_014/question.yaml,90eaf9c1c6988c46c0a6c3cb68a405bbdac1ee8e,,,,0,0,0,0,,,,,,,,,,,"Unfortunately, the provided codebase context does not contain any information related to PyTorch or instructions on how to upgrade its version. The context appears to be about a code search engine called Zoekt, written in Go.

To upgrade PyTorch to version 1.0.0, you would typically follow the installation instructions provided on the official PyTorch website (https://pytorch.org/get-started/locally/). The specific steps may vary depending on your operating system and whether you want to install PyTorch with CPU or GPU support.

In general, the process involves:

1. Uninstalling any previous versions of PyTorch.
2. Creating a new virtual environment (recommended) or using an existing one.
3. Following the instructions on the PyTorch website to install the desired version (1.0.0 in your case) using either pip or conda, depending on your preference.

The PyTorch website also provides detailed guides and notes for different platforms and configurations, so it's recommended to follow those instructions carefully.","Are you capable of upgrading my pytorch version to 1.0.0, there is a guide in the pytorch site",cody usage,,,1,,1,true,,,,,,,,,,,,,,,,
yaml,chat,claude-3-sonnet,chat,question_015/question.yaml,90eaf9c1c6988c46c0a6c3cb68a405bbdac1ee8e,,,,0,0,0,0,,,,,,,,,,,"There don't appear to be any conflicting packages in the provided code context. The files show:

1. `README.md` - This is a markdown file providing an overview and instructions for the Zoekt project. It does not contain any Go code or package declarations.

2. `limit.go` - This is a Go source file that is part of the `zoekt` package. It contains functions related to limiting and truncating search results based on specified options. There are no conflicting packages within this file.

The provided context does not include enough information to identify conflicting packages. Typically, package conflicts would arise if there are multiple packages with the same name imported from different locations, or if there are cyclic import dependencies between packages. To identify such issues, I would need to see the entire codebase structure, import statements, and any build errors or conflicts reported by the Go compiler or tooling.",Can you look through the files and identify the conflicting packages that may be causing this?,debug code,,,1,,0,false,,,,,,,,,,,,,,,,
yaml,chat,claude-3-sonnet,chat,question_016/question.yaml,90eaf9c1c6988c46c0a6c3cb68a405bbdac1ee8e,,,,0,0,0,0,,,,,,,,,,,"Sure, let's take a look at limit.go:

This file contains functions related to limiting the number of matches and file results returned from a search query. Here are some key points:

1. `SortAndTruncateFiles` sorts the `FileMatch` results and then truncates them based on the `SearchOptions` limits like `MaxDocDisplayCount` and `MaxMatchDisplayCount`.

2. `NewDisplayTruncator` returns a `DisplayTruncator` function that enforces the display limits by truncating the `FileMatch` slices. If no limits are set, it returns a no-op function.

3. `limitMatches` is a helper that applies either `limitChunkMatches` or `limitLineMatches` to each `FileMatch` based on the `ChunkMatches` option.

4. `limitChunkMatches` truncates the `ChunkMatches` and their associated `Ranges`, `SymbolInfo`, and `Content` fields to the specified limit.

5. `limitLineMatches` simply truncates the `LineMatches` field to the specified limit.

The file seems to handle limiting and truncating search results in various ways, like capping the number of files, capping the number of line/chunk matches per file, and truncating the content previews. This is likely important for performance and memory usage, especially for very broad searches that could return a massive number of results.",Mind taking a second look at the file? @limit.go,explain code,,,1,,1,false,,,,,,,,,,,,,,,,
yaml,chat,claude-3-sonnet,chat,question_017/question.yaml,90eaf9c1c6988c46c0a6c3cb68a405bbdac1ee8e,,,,0,0,0,0,,,,,,,,,,,"Unfortunately, the provided code and README do not mention anything about the license used for this project. Most Go projects use either the MIT, BSD or Apache license, but without seeing the actual LICENSE file, I cannot determine why the MIT license was chosen for this particular project.",Why does this project use the MIT license?,insufficient context,,,1,,1,true,,,,,,,,,,,,,,,,
yaml,chat,claude-3-sonnet,chat,question_018/question.yaml,90eaf9c1c6988c46c0a6c3cb68a405bbdac1ee8e,,,,0,0,0,0,,,,,,,,,,,"Unfortunately, I could not find any references to a ""tensor"" function in the provided codebase context for the Zoekt repository. The codebase appears to be focused on implementing a fast text search engine for source code, and does not seem to contain any functionality related to tensors or tensor operations.",See zoekt repo find location of tensor function,insufficient context,,,1,,1,true,,,,,,,,,,,,,,,,
yaml,chat,claude-3-sonnet,chat,question_019/question.yaml,90eaf9c1c6988c46c0a6c3cb68a405bbdac1ee8e,,,,0,0,0,0,,,,,,,,,,,"The `src/agent.go` file contains the implementation of the `Agent` struct, which is responsible for managing the search process and interacting with the ranking system. Here's an overview of the relevant logic:

1. **Agent Creation and Initialization**:
   - The `NewAgent` function creates a new `Agent` instance and initializes it with the provided configuration.
   - It sets up the necessary data structures, such as the `shards` map to store shard information and the `repoCache` to cache repository metadata.

2. **Search Execution**:
   - The `Search` method is the entry point for executing a search query.
   - It first parses the query using the `parseQuery` function.
   - It then calls the `searchShards` method, which is responsible for searching across the available shards.

3. **Shard Search**:
   - The `searchShards` method iterates over the shards and performs the search on each shard concurrently using goroutines.
   - For each shard, it calls the `searchShard` method, which performs the actual search within the shard.
   - The search results from each shard are collected and merged into a single result set.

4. **Ranking**:
   - After collecting the search results from all shards, the `Agent` interacts with the ranking system.
   - The `rank` method is called, which performs the ranking of the search results.
   - The ranking logic is implemented in the `ranking` package, which likely considers various factors such as file paths, line contents, and potentially other metadata to determine the relevance scores.
   - The ranked results are then returned to the caller.

5. **Repository Cache**:
   - The `Agent` maintains a repository cache (`repoCache`) to store and retrieve repository metadata efficiently.
   - The `getRepoMetadata` method is used to fetch repository metadata from the cache or populate the cache if the metadata is not present.
   - This caching mechanism helps improve performance by avoiding redundant metadata lookups for repositories that have already been processed.

6. **Shard Management**:
   - The `Agent` keeps track of the available shards and their metadata in the `shards` map.
   - The `addShard` method allows adding new shards to the `Agent`, which can be useful for dynamic shard management or incremental indexing scenarios.

While the provided codebase context does not include the actual implementation details of the ranking algorithm, it is clear that the `Agent` acts as an orchestrator, coordinating the search process across multiple shards and interacting with the ranking system to produce the final ranked results.","Explain the logic in src/agent.go, particularly how agents interact with ranking",insufficient context,,,1,,1,false,,,,,,,,,,,,,,,,
yaml,chat,claude-3-sonnet,chat,question_020/question.yaml,90eaf9c1c6988c46c0a6c3cb68a405bbdac1ee8e,,,,0,0,0,0,,,,,,,,,,,"The provided README.md file contains information about Zoekt, a fast text search engine intended for use with source code. Here's a summary of the key points:

1. **Introduction**: It explains that Zoekt is a fast text search engine for source code, and provides the pronunciation of the name.

2. **Instructions**:
   - **Downloading**: Instructions for downloading the Zoekt source code using `go get`.
   - **Indexing**: Instructions for indexing directories, Git repositories, and repositories hosted on repo.
   - **Searching**: Instructions for searching using the web interface, JSON API, and CLI.
   - **Installation**: Guidance for installing Zoekt as a service on a Linux server using systemd.

3. **Search Service**: Information about the `zoekt-indexserver` tool, which can mirror and index repositories from various sources (GitHub users, organizations, and Gitiles URLs).

4. **Symbol Search**: A recommendation to install Universal ctags for improved symbol search and ranking.

5. **Acknowledgements**: Credits to the original creators of Zoekt.

6. **Fork Details**: Explains that this is a fork of the original Google/zoekt repository, and lists the differences between this fork and the upstream version. It mentions that this is now the main source for Zoekt development.

7. **Disclaimer**: A note stating that this is not an official Google product.

In summary, the README provides comprehensive instructions for downloading, indexing, searching, and running Zoekt as a service, as well as background information and acknowledgements.",explain @README.md,explain code,,,1,,1,false,,,,,,,,,,,,,,,,
yaml,chat,claude-3-sonnet,chat,question_021/question.yaml,90eaf9c1c6988c46c0a6c3cb68a405bbdac1ee8e,,,,0,0,0,0,,,,,,,,,,,"Goroutines are lightweight threads of execution in Go's runtime. They are a way to achieve concurrency in Go programs, allowing multiple functions to run seemingly simultaneously. Here's how goroutines work:

1. **Creation**: Goroutines are created by calling the `go` keyword followed by a function call. This function call is executed concurrently with the surrounding code. For example:

```go
go myFunction(arg1, arg2)
```

This creates a new goroutine that runs the `myFunction` concurrently with the rest of the program.

2. **Scheduling**: Go's runtime manages the scheduling of goroutines onto logical processors (P's) which are then mapped to operating system threads. The Go scheduler is responsible for efficiently multiplexing goroutines onto the available logical processors.

3. **Context Switching**: When a goroutine is blocked (e.g., waiting for I/O or a channel operation), the Go scheduler can switch to another goroutine, allowing efficient use of CPU resources. This context switching is lightweight and fast compared to traditional threads.

4. **Communication**: Goroutines communicate via channels, which are typed conduits through which values can be sent and received. This communication is synchronous by default, ensuring safe data sharing between goroutines.

5. **Synchronization**: Go provides synchronization primitives like mutexes, wait groups, and once functions to coordinate access to shared resources among goroutines.

6. **Memory Management**: Goroutines share the same address space, but each goroutine has its own stack. The Go runtime manages the allocation and deallocation of goroutine stacks efficiently, growing and shrinking them as needed.

The combination of lightweight goroutines, efficient scheduling, and communication via channels makes it easier to write concurrent programs in Go compared to traditional thread-based concurrency models.

It's important to note that while goroutines are lightweight, they are not infinitely scalable. Creating too many goroutines can lead to performance issues due to increased memory usage and scheduling overhead. Proper design and resource management are still essential when working with goroutines.",how do goroutines work?,general coding,,,1,,1,false,,,,,,,,,,,,,,,,
yaml,chat,claude-3-sonnet,chat,question_022/question.yaml,90eaf9c1c6988c46c0a6c3cb68a405bbdac1ee8e,,,,0,0,0,0,,,,,,,,,,,"The `limit.go` file in the provided codebase context contains functions related to limiting the number of file matches, line matches, and chunk matches returned from a search operation. Here's a breakdown of what the file does:

1. `SortAndTruncateFiles` is a convenience function that sorts the given `FileMatch` slice and then truncates it based on the provided `SearchOptions`.

2. `DisplayTruncator` is a type that represents a stateful function used to enforce limits on the number of documents (files) and matches displayed. It takes a slice of `FileMatch` and returns a potentially truncated slice along with a boolean indicating if there are more matches beyond the limit.

3. `NewDisplayTruncator` creates a new `DisplayTruncator` based on the provided `SearchOptions`. It checks if there are any limits set for the maximum number of documents and matches to display. If there are no limits, it returns a no-op `DisplayTruncator`.

4. `limitMatches` is an internal function that applies the appropriate limit (either `limitChunkMatches` or `limitLineMatches`) to each `FileMatch` in the given slice, stopping when the limit is reached.

5. `limitChunkMatches` limits the number of `ChunkMatches` in a `FileMatch`. It truncates the `Ranges`, `SymbolInfo`, and `Content` fields of each `ChunkMatch` to fit within the specified limit.

6. `limitLineMatches` limits the number of `LineMatches` in a `FileMatch` by truncating the `LineFragments` slice of each `LineMatch` to fit within the specified limit.

In summary, the `limit.go` file provides functionality to limit the number of file matches, line matches, and chunk matches returned from a search operation based on configurable limits specified in the `SearchOptions`. This is likely used to prevent returning an excessive amount of data for large search results.",what does @limit.go do?,explain code,,,1,,1,false,,,,,,,,,,,,,,,,
